{
  "mascotas": [
    {
      "id": "1",
      "nombre": "princesa",
      "tipo": "perro",
      "color": "cobrizo"
    },
    {
      "id": "2",
      "nombre": "león",
      "tipo": "perro",
      "color": "blanco"
    },
    {
      "id": "3",
      "nombre": "rain man",
      "tipo": "tortuga",
      "color": "verde"
    },
    {
      "id": "7982",
      "nombre": "Lulu",
      "tipo": "Perro",
      "color": "negro"
    },
    {
      "id": "c207",
      "nombre": "Harry",
      "color": "blanco",
      "tipo": "perro"
    },
    {
      "id": "619d",
      "nombre": "Tom",
      "color": "blanco",
      "tipo": "gato"
    }
  ],
  "usuarios": [
    {
      "id": "1",
      "username": "usuario1",
      "password": "duoc1234",
      "email": "usuario1@gmail.com",
      "isactive": true
    },
    {
      "id": "2",
      "username": "usuario2",
      "password": "maipu1234",
      "email": "usuario2@gmail.com",
      "isactive": true
    },
    {
      "id": "c772",
      "username": "benja1",
      "email": "benja@duocuc.cl",
      "password": "benja12345",
      "isactive": true
    },
    {
      "id": "751c",
      "username": "ismael",
      "email": "isma@duocuc.cl",
      "password": "isma12345",
      "isactive": true
    },
    {
      "id": "2071",
      "username": "nico12",
      "email": "nico@gmail.com",
      "password": "n2123456",
      "isactive": true
    }
  ]
}